{"_step":12745,"epoch":754,"train_acc":0.9485861457242396,"_wandb":{"runtime":1338},"val_acc":0.9481146863510702,"_timestamp":1.7325812832286627e+09,"iteration":127450,"avg_time_per_iter":0.01048290096586139,"val_loss":0.0294871020545409,"train_loss":2.8589543171543883e-05,"_runtime":1338.072313968}