{"val_acc":0.9470411643438691,"iteration":169,"_runtime":131.485457905,"train_loss":0.15714218940668026,"_wandb":{"runtime":132},"train_acc":0.9473642963501258,"_timestamp":1.7325817753511083e+09,"_step":99,"val_loss":0.031719735170486554,"epoch":990,"avg_time_per_iter":0.7600280823529411}