{"train_acc":0.5006174554660245,"_runtime":2.427521725,"epoch":0,"val_acc":0.5013917785314599,"_timestamp":1.7325798294848628e+09,"train_loss":0.7162913084030151,"_wandb":{"runtime":2},"_step":0,"avg_time_per_iter":0.273148,"iteration":0,"val_loss":0.14311037720062356}